--
-- cleanup
--
DELETE FROM document;
DELETE FROM metadata;
DELETE FROM csession;
DELETE FROM slice;
DELETE FROM keystore;
DELETE FROM participant;

--
-- setup keystores
--
INSERT INTO keystore (id, descriptive_name, store, current_partition_id, shares, threshold, creation_time, modification_time, version) 
VALUES (
    '5adab38c-702c-4559-8a5f-b792c14b9a43',
    'my-first-keystore',
    0x308205500201033082050906092a864886f70d010701a08204fa048204f6308204f2308201ee06092a864886f70d010701a08201df048201db308201d73081dd060b2a864886f70d010c0a0105a07a3078060b2a864886f70d010c0a0102a069046730653029060a2a864886f70d010c0103301b04142987b1cff511a7b6788cbe9fe344c9da416fc5ea020300c35004385fd8b66fe45705a393aa6007ccb6fe1452c94e829d050cf9cb248408ab032851dbf2915b54d7e18596ce688b5a4f232395b091e6183d29f73152302d06092a864886f70d01091431201e1e0074006500730074002d007300650063007200650074002d006b00650079302106092a864886f70d0109153114041254696d6520313630303236303935363633333081f4060b2a864886f70d010c0a0102a081983081953029060a2a864886f70d010c0103301b0414fbad6bcf1159531d006324c8ab517298e3194005020300c3500468e7ede4dfe0676805108c9c3e884eaedd27fa3eeab278a35419819db050acdc786ec7f13cc0dfe9f560bd873c02cf9d62212881f2573afd4566fe4492b2656c7f3a6e3ff42496e3107f93e8c5b002e0dbe508395526cdffd084f9db063a6ec51e652e157ebf05dc82314a302506092a864886f70d01091431181e160074006500730074002d00650063002d006b00650079302106092a864886f70d0109153114041254696d652031363030323631303439333737308202fc06092a864886f70d010706a08202ed308202e9020100308202e206092a864886f70d0107013029060a2a864886f70d010c0106301b0414d36b94da44fe892f89ccfe5d08d35dc539bf1797020300c350808202a83a196422fd89ac97a638b58fda86662d9122d6d346c00f340a16b55670ad3865ed7c391e38e5e59e990a3c71fbed1dd81b2c6bf843cc715acdca4c824d0a8bbc59bd6ed332cff0f506c6b1a59f1a870eb4b41af92b050f8928bf062c9ed3154288e997432bd8ab25f8a822b7c55e443e19526f225e7466a62efa34008c09371034bed74b40490cbb1c99e5f20225f9effc056b7bc228bbbeeba5ba41b7d0834955b97ae5b280da6e724ec3f8301573b159eee1ce4c00e5bef336fbf8b0950d680556ffcd31c0c79365a0e0def1f31e0f8b8a9646467f46e505418bd9e4ab5c5395264ddf302deed9249239c56285f1a3d15eaef594124cfd10e542034a8808aabb9e90f285033bc2dd68b8ca836cc1758262081fab1558c241535abf7653c92b557adb5675fb3d6eefeb770b4a72e22c6da973f50485ffa015f035e6b20996c95cd39140fe48ede0a204747f63e99aa6c6ceb66062e22a75dcac03f8500a5bc061653ff94251b334f0e195ca3f03def4065443c4ce0e57cb540aee7d97167660225d62baaea920c13eb64ae710f2e2f28dc3d4d7aa6b04782a00a2d8177b00b5997769a6265760fd2d98bc7099e0639d44bf3b95a3776bdb4f51e165974697abe56f32fe6a0c60120baa3d6724ffc4e3b930c02fd6a1e59634d249ed2b310858d6636bcbc687bbe686bbac1c12e31f54e6c156474b2390c826bb5a49ed23e2bf7674d02b30eb95f54b63f1d670f06babd50e591717c1d23a87705570e7bb29e722765a1adbb80318bc2c8543b581377a279808764a336b6a8862706f5cb148cdadc807dbb40d03fa2e58ed21459d3505d1539df055f155a8df2f7562fc321d528f7a202c6ce7d78b84bbd424f500ae190ba5ecff495a6f05bb116f695e95416bdcd025aadc067e918115961df5a18e875f45c27ff486be3207bebe71f4980f32822409d8f2456aea303e3021300906052b0e03021a0500041476fdcdeba43d75edf83d61f0d27295c382603531041473fd06383efb43afd729bc26dde99381289f923a02030186a0, 
    '467b268d-1a7f-4f00-993c-672b82494822',
    12,
    4,
    CURRENT_TIMESTAMP,
    CURRENT_TIMESTAMP,
    1
);

INSERT INTO keystore (id, descriptive_name, store, current_partition_id, shares, threshold, creation_time, modification_time, version) 
VALUES (
    '3e6b2af3-63e2-4dcb-bb71-c69f1293b072',
    'the-too-few-slices-keystore',
    0x308205500201033082050906092a864886f70d010701a08204fa048204f6308204f2308201ee06092a864886f70d010701a08201df048201db308201d73081dd060b2a864886f70d010c0a0105a07a3078060b2a864886f70d010c0a0102a069046730653029060a2a864886f70d010c0103301b04142987b1cff511a7b6788cbe9fe344c9da416fc5ea020300c35004385fd8b66fe45705a393aa6007ccb6fe1452c94e829d050cf9cb248408ab032851dbf2915b54d7e18596ce688b5a4f232395b091e6183d29f73152302d06092a864886f70d01091431201e1e0074006500730074002d007300650063007200650074002d006b00650079302106092a864886f70d0109153114041254696d6520313630303236303935363633333081f4060b2a864886f70d010c0a0102a081983081953029060a2a864886f70d010c0103301b0414fbad6bcf1159531d006324c8ab517298e3194005020300c3500468e7ede4dfe0676805108c9c3e884eaedd27fa3eeab278a35419819db050acdc786ec7f13cc0dfe9f560bd873c02cf9d62212881f2573afd4566fe4492b2656c7f3a6e3ff42496e3107f93e8c5b002e0dbe508395526cdffd084f9db063a6ec51e652e157ebf05dc82314a302506092a864886f70d01091431181e160074006500730074002d00650063002d006b00650079302106092a864886f70d0109153114041254696d652031363030323631303439333737308202fc06092a864886f70d010706a08202ed308202e9020100308202e206092a864886f70d0107013029060a2a864886f70d010c0106301b0414d36b94da44fe892f89ccfe5d08d35dc539bf1797020300c350808202a83a196422fd89ac97a638b58fda86662d9122d6d346c00f340a16b55670ad3865ed7c391e38e5e59e990a3c71fbed1dd81b2c6bf843cc715acdca4c824d0a8bbc59bd6ed332cff0f506c6b1a59f1a870eb4b41af92b050f8928bf062c9ed3154288e997432bd8ab25f8a822b7c55e443e19526f225e7466a62efa34008c09371034bed74b40490cbb1c99e5f20225f9effc056b7bc228bbbeeba5ba41b7d0834955b97ae5b280da6e724ec3f8301573b159eee1ce4c00e5bef336fbf8b0950d680556ffcd31c0c79365a0e0def1f31e0f8b8a9646467f46e505418bd9e4ab5c5395264ddf302deed9249239c56285f1a3d15eaef594124cfd10e542034a8808aabb9e90f285033bc2dd68b8ca836cc1758262081fab1558c241535abf7653c92b557adb5675fb3d6eefeb770b4a72e22c6da973f50485ffa015f035e6b20996c95cd39140fe48ede0a204747f63e99aa6c6ceb66062e22a75dcac03f8500a5bc061653ff94251b334f0e195ca3f03def4065443c4ce0e57cb540aee7d97167660225d62baaea920c13eb64ae710f2e2f28dc3d4d7aa6b04782a00a2d8177b00b5997769a6265760fd2d98bc7099e0639d44bf3b95a3776bdb4f51e165974697abe56f32fe6a0c60120baa3d6724ffc4e3b930c02fd6a1e59634d249ed2b310858d6636bcbc687bbe686bbac1c12e31f54e6c156474b2390c826bb5a49ed23e2bf7674d02b30eb95f54b63f1d670f06babd50e591717c1d23a87705570e7bb29e722765a1adbb80318bc2c8543b581377a279808764a336b6a8862706f5cb148cdadc807dbb40d03fa2e58ed21459d3505d1539df055f155a8df2f7562fc321d528f7a202c6ce7d78b84bbd424f500ae190ba5ecff495a6f05bb116f695e95416bdcd025aadc067e918115961df5a18e875f45c27ff486be3207bebe71f4980f32822409d8f2456aea303e3021300906052b0e03021a0500041476fdcdeba43d75edf83d61f0d27295c382603531041473fd06383efb43afd729bc26dde99381289f923a02030186a0, 
    '467b268d-1a7f-4f00-993c-672b82494822',
    12,
    4,
    CURRENT_TIMESTAMP,
    CURRENT_TIMESTAMP,
    1
);

INSERT INTO keystore (id, descriptive_name, store, current_partition_id, shares, threshold, creation_time, modification_time, version) 
VALUES (
    'e509eaf0-3fec-4972-9e32-48e6911710f7',
    'the-idle-keystore',
    0x308207800201033082072a06092a864886f70d010701a082071b0482071730820713308203ca06092a864886f70d010701a08203bb048203b7308203b33082013f060b2a864886f70d010c0a0105a081e33081e0060b2a864886f70d010c0a0102a081d00481cd3081ca306606092a864886f70d01050d3059303806092a864886f70d01050c302b04146a6b898e8e83e7dffd65400eed26047abcc5c15d02022710020120300c06082a864886f70d02090500301d060960864801650304012a0410d53a3479e9b595dd0f8fe8c006015a8b0460d06780fe1710050d672f5222c902929722ade1a2c1c177d2784e3c1f7ab6f66d17114537910cb7f442aa653fa4a35eb64b74e9120275e6c4924055174e799525e026a107dbd2a291ef0c2e250fee3e2696e04e3d9a7232a45303a144f63927db314a302506092a864886f70d01091431181e16006d0079002d0068006d00610063002d006b00650079302106092a864886f70d0109153114041254696d6520313631333939383838343537313082011d060b2a864886f70d010c0a0105a081c33081c0060b2a864886f70d010c0a0102a081b00481ad3081aa306606092a864886f70d01050d3059303806092a864886f70d01050c302b0414ce936a592e5f96a828f9892674aab2f7788c587602022710020120300c06082a864886f70d02090500301d060960864801650304012a0410c48d87c01ee57282aa84e094e1e4cdbe0440ddd7e7c554a678255ca2daae91f1fc5613729f95b2405b8ff07d5614a8445e28b629cfd2d95a8fe35a1067e89c04398fc5acc1c619ebc1bf6a6487bb225c19853148302306092a864886f70d01091431161e14006d0079002d006100650073002d006b00650079302106092a864886f70d0109153114041254696d6520313631333939383931323534303082014b060b2a864886f70d010c0a0102a081dd3081da306606092a864886f70d01050d3059303806092a864886f70d01050c302b0414e90b5611b3e8c7643cd346fe0f80038f810eeffb02022710020120300c06082a864886f70d02090500301d060960864801650304012a0410f159a99f4acf6283e6359d627ee1839b047092040bf029943792a240f954d4b3f0e6fea835b491da43ac0fb452085692f86201327a9b0fac585ed40cd53e9c580189f917ee0840def5a9cd8bd98bcd3d364052dbdf166902cb0b252ce45541ae583234895807bde812538c44bc87ed1663e5bacb7107712537afc5d5036889ce9917315c303706092a864886f70d010914312a1e2800640069006c00620065007200740073002d0070007200690076006100740065002d006b00650079302106092a864886f70d0109153114041254696d6520313631333939393133343032363082034106092a864886f70d010706a08203323082032e0201003082032706092a864886f70d010701306606092a864886f70d01050d3059303806092a864886f70d01050c302b041496665d96dadef0354729ec2fa8307ee920972b7702022710020120300c06082a864886f70d02090500301d060960864801650304012a041013e39b2cbbb54480925f88fab7262f86808202b06d10c953263cfb626d9fce5f76b7fde96bc74837280f1fb3b9be2cf245f5c77b78c83884c7f764b7ca481bee4fa698be180d94b5a0df3ed61c93d29c177bfd120ac0dc4080cb22900fe215176f488023b9d3ce46b01da041e53dd61ff2086262e6c2548aeeecd7e13b94dd4a272b483d0bab87fe49562474842868c6dabad5fe2aa8f1d961dced5e06204be463c648847636a079752a2cb9b7f2460bbe93600f94dd7c5a2b367e056fa4c645be9ead00b701b3bce4cfc63cca04e4be6abe88bbb8643be67cd1336beec37816a6f4031d72efedcc4afac63f440fea6f14d36821f4f668d258bacc9e0f111b2ea794905944bafbbbec7dcd94504d9c016cd93e5a127d46bbd74400615e41e964ea47dc71ed847372ad252dba6965db931bd799db57a0869c9b9f7bf6e093e1e62f7e4d48bd291aaa9f8610899357e2e25d80dec759b4a74fb795b325e75f1e96f93962f654129cc2783e8484e7cd5b0edda3600a679d0116b9a85851e67ab83a6eb9209273c4fc48b5c18d7928a3137154a59d48490fd8af1e29453a747f7d60ad460c838375228031ae66c3ed35a15570e9b559a943f1fc3698e3bb2594da004445513eb129fa5b67cc187a442dac19c94fb82cd8f2765e4643952c3dd013fcda97062ea14dd1498654d7a3dd726746bcf95c96ea79115736b8dcb8541fc979a8a74c249987c722d58e8b3d2c60ab987849c764c3ea8b0c1a4219baaea43aab355c9da1512340924ed57190920b9ef8b9274829c2275be56671937135fa1231dd1787e259acafb44b59d1f3ba91d9e1fe39820b51ba575082ec1de1190fe7170ac80b65cf51cbb0dd74cf380017c6c2b498241e4da0a2aefe1f695ff073f498468b55c9df3bf524f1fe2c646c4212fb0ae694885de9af1447014b4600b2238c09affe2ba132643924aca6eddd2c4621af9809feda42bd693d9c0c59cb9670873735f995304d3031300d06096086480165030402010500042063931b39b1c1c3baf7cbe8c7cb942cd1b0576307578affc0391ff3734b9dacb20414f9e3c034fbfab9c2e103715d765103ca57151c5d02022710,
    '171e7454-a441-467c-994f-9f879f6008d2',
    12,
    4,
    CURRENT_TIMESTAMP,
    CURRENT_TIMESTAMP,
    1
);

INSERT INTO keystore (id, descriptive_name, store, current_partition_id, shares, threshold, creation_time, modification_time, version) 
VALUES (
    '28799acd-6753-451f-965a-8a0eb601eb26',
    'the-pending-docs-keystore',
    0x30820645020103308205ef06092a864886f70d010701a08205e0048205dc308205d83082028f06092a864886f70d010701a08202800482027c3082027830820121060b2a864886f70d010c0a0105a081c33081c0060b2a864886f70d010c0a0102a081b00481ad3081aa306606092a864886f70d01050d3059303806092a864886f70d01050c302b041422a20028a51cd6a8b0c48660cc1c7f6905b025dc02022710020120300c06082a864886f70d02090500301d060960864801650304012a04105abb5fc248089058809da9613afb603204405d1e17ea1796090b36a3470ee1bccbe94e68d45a19aeef540ad42d855ee8573a9370d7f5aef28aadb33167f87ed645203659ce7176097318df78468bec0e3435314c302706092a864886f70d010914311a1e180074006500730074002d006100650073002d006b00650079302106092a864886f70d0109153114041254696d6520313632303338353830393433333082014f060b2a864886f70d010c0a0102a081dd3081da306606092a864886f70d01050d3059303806092a864886f70d01050c302b0414c45022ba6302f547aa7a321458d61481894be6e102022710020120300c06082a864886f70d02090500301d060960864801650304012a04101106f5ca293cef96871e3b504241a894047094c454be5ae364eb3f693c469b066620ecbba743f3a6a81672c1f86f20e1b755a8c7093c5372a869c93a678f5b77bda28b0ad85ec21d87c3d1b6523ccd167b56a6227f208edc756400883cb811b1fe29d3e7960b1fd448024cbc4fdc769dfa47b3f2bcbdc85151f766d8da4cdc3bb1963160303b06092a864886f70d010914312e1e2c0074006500730074006500720073002d0070007200690076006100740065002d00650063002d006b00650079302106092a864886f70d0109153114041254696d6520313632303339303531303332373082034106092a864886f70d010706a08203323082032e0201003082032706092a864886f70d010701306606092a864886f70d01050d3059303806092a864886f70d01050c302b04143f7f5d46d3c3260a291151b7cdfddf19af8f0eaa02022710020120300c06082a864886f70d02090500301d060960864801650304012a04108016d74064381d8071082bb15dc62eca808202b0552c64ac1a15270fceef8e2c531694ffc49c921e13daf01693aef3f89e7780428e4ccf79fa3fbcdb09c14286cfa5158421ce017ac7035dbc7b0be25925e00420ad229d7e56dac5d8002cc8c9c2c41233d549167c5e73fd4e4af7082dd2e81454db23882cf2321665f6bc0b7450e1928bd170f4d25d76f3c57879fc123907cad99901c35e8474189263bc6108d12d34e975d331325f9b01a1c24e44b2683e794c0f2ceacbd02b876ea0839d8b3d2600420fe6cadee30e048a2929225c30f222a322da0354da8ab7387217fe70e307269a0517460a459b6c4da73099f296943abb04f924b75e62c28361e01dfedaeda3a7826f2a9d43792f58e7d63b10d26b8b952702db456e568a57b92da599717c6bbd3a982fb4093991c3e6388375c11248b594d94a0432a2f5b6c3fdbc4156fbc84b1e6be77b0909dfb65962fbaafcb54e46b3916da3356a3176b4a5d729d89050b2d1bc75f29610f02ef193e91c9e8831dfca46188e7747c6946a9439673c380677a14f216c51c98f823e69f522eb92b37e5735d1878d6544b9a553a010468c29aef889e3c370a0cc091785b795efd39cd59497cbdca998c6fe08796b93cb647b63f7c605d74fc36e828f0c3940c400a644883efa52bc124ce394e83b26e529e219a867db6771c84ab0cfbfdeddf363b1bf40a5c1d3a7a671e26c4e0143057ee54f2e6845219f3e591af620d9e166fba640153bc293a27d8154dc0379581ffc00b4fb43a538d7f24f981b13cc73830eea5b67f247fd31594aeb96497ce7bba915ce98904d8188b82980066eb1cb90316fb259bc2af9eea2efa3ef6cf19ccba04655adb17963fc8359a6245353e629312af4fb1f254f2950f3a7021b6f243fb2b908fde6fd50f1a7e12dea0ead7c94bf60a71b2ea76e9c1a87066009f5b42ffc19859b74dd3c65773925238f9b6a1a7ae6832adf7146dc9877bcebb2ce8c4c1061e8304d3031300d060960864801650304020105000420372a6c9fd8b10b8ed65154a5a1c24035c9de01fb223156fb37021ff47aa4f2fb041424ec4b10d7004d782d99a4634d48c848df8030af02022710,
    '576f2709-e0b2-4a5f-af3a-c031597960c7',
    12,
    4,
    CURRENT_TIMESTAMP,
    CURRENT_TIMESTAMP,
    1
);

--
-- setup participant
--
INSERT INTO participant (id, preferred_name, creation_time)
VALUES (
    '8844dd34-c836-4060-ba73-c6d86ad1275d',
    'christof',
    CURRENT_TIMESTAMP
);
INSERT INTO participant (id, preferred_name, creation_time)
VALUES (
    '7a8a75d9-e4ac-4f88-9bbd-75d6582c4577',
    'test-user-0',
    CURRENT_TIMESTAMP
);
INSERT INTO participant (id, preferred_name, creation_time)
VALUES (
    'f6cdb2e5-ea3e-405f-ad0a-14c034497e23',
    'test-user-1',
    CURRENT_TIMESTAMP
);
INSERT INTO participant (id, preferred_name, creation_time)
VALUES (
    '337dd2bd-508d-423d-84ca-81770d8ac30d',
    'test-user-2',
    CURRENT_TIMESTAMP
);
INSERT INTO participant (id, preferred_name, creation_time)
VALUES (
    '48ef6c98-0e04-49bc-9f7f-01f2cec3ccac',
    'test-user-3',
    CURRENT_TIMESTAMP
);
INSERT INTO participant (id, preferred_name, creation_time)
VALUES (
    '222185fb-6cbc-45e6-90d1-e5390fb2f9f9',
    'test-user-4',
    CURRENT_TIMESTAMP
);
INSERT INTO participant (id, preferred_name, creation_time)
VALUES (
    'b78d63a0-e365-4934-93e4-ec1ea713cba8',
    'test-user-5',
    CURRENT_TIMESTAMP
);
INSERT INTO participant (id, preferred_name, creation_time)
VALUES (
    '54ce43ce-c335-47a2-98b8-1bd1fc4f93a4',
    'test-user-6',
    CURRENT_TIMESTAMP
);

--
-- setup slices for keystore[id='5adab38c-702c-4559-8a5f-b792c14b9a43', descriptive_name='my-first-keystore']
--
INSERT INTO slice (id, participant_id, keystore_id, partition_id, amount, share, processing_state, creation_time, modification_time)
VALUES (
    '9a83d398-35d6-4959-aea2-1c930a936b43',
    '8844dd34-c836-4060-ba73-c6d86ad1275d', -- christof
    '5adab38c-702c-4559-8a5f-b792c14b9a43', -- my-first-keystore
    '467b268d-1a7f-4f00-993c-672b82494822',
    4,
    0x0A7B0A2020202022506172746974696F6E4964223A202234363762323638642D316137662D346630302D393933632D363732623832343934383232222C0A20202020225072696D65223A203331353933343032323438303539353738383639303834363735363234333730353836333434393534383034373038333233383136373432333535323633312C0A20202020225468726573686F6C64223A20342C0A20202020225368617265506F696E7473223A205B0A20202020202020207B0A202020202020202020202020225368617265506F696E74223A207B0A202020202020202020202020202020202278223A203238393534333232373135383239383833383533363036313136333030313433383531363434393433363732353439323735343333343135303938383832342C0A202020202020202020202020202020202279223A203234323937393930363533303234363735303430393338343730313531343031383837333030373334383032373635333632313335373533343938363037320A2020202020202020202020207D0A20202020202020207D2C0A20202020202020207B0A202020202020202020202020225368617265506F696E74223A207B0A202020202020202020202020202020202278223A203231323637353234373433303034323338343332343134323332343337303239383139373530323534373330363733393034353239303331363737373835382C0A202020202020202020202020202020202279223A203132303732313439323539313535383730393635333932343437313833353334333134363731353130323236373230323030353839323634323533393031320A2020202020202020202020207D0A20202020202020207D2C0A20202020202020207B0A202020202020202020202020225368617265506F696E74223A207B0A202020202020202020202020202020202278223A203231383932383835393836363833363436343430383230303435373631323635373738373635353332303832383939383237343636373730363435373436392C0A202020202020202020202020202020202279223A203136353937353637323137333337393431323031343130363038353431373731333933373136303835323537363433353339343936313330303034343431310A2020202020202020202020207D0A20202020202020207D2C0A20202020202020207B0A202020202020202020202020225368617265506F696E74223A207B0A202020202020202020202020202020202278223A2037363937333535383932323537323237323337353534323134353230343135373336363137363432363836393939323237333934373838333534353736302C0A202020202020202020202020202020202279223A2033383234373834313331333332363234313738323833383634363736383837393638363236323433353135373739333133373134303332373539383430380A2020202020202020202020207D0A20202020202020207D0A202020205D0A7D,
    'POSTED',
    CURRENT_TIMESTAMP,
    CURRENT_TIMESTAMP
);
INSERT INTO slice (id, participant_id, keystore_id, partition_id, amount, share, processing_state, creation_time, modification_time)
VALUES (
    '4f66bb7d-417d-48d8-a269-e0d2011715f1',
    'f6cdb2e5-ea3e-405f-ad0a-14c034497e23', -- test-user-1
    '5adab38c-702c-4559-8a5f-b792c14b9a43', -- my-first-keystore
    '467b268d-1a7f-4f00-993c-672b82494822',
    2,
    0x0A7B0A2020202022506172746974696F6E4964223A202234363762323638642D316137662D346630302D393933632D363732623832343934383232222C0A20202020225072696D65223A203331353933343032323438303539353738383639303834363735363234333730353836333434393534383034373038333233383136373432333535323633312C0A20202020225468726573686F6C64223A20342C0A20202020225368617265506F696E7473223A205B0A20202020202020207B0A202020202020202020202020225368617265506F696E74223A207B0A202020202020202020202020202020202278223A203134343339383139363630303538303431363730393837353230343032353839323939363234383030303535303935373431303737353235303137313035362C0A202020202020202020202020202020202279223A203130343431353230353639343234383739373532323230333138383436363137383033353939323839323938313437393433323338303431393835383737360A2020202020202020202020207D0A20202020202020207D2C0A20202020202020207B0A202020202020202020202020225368617265506F696E74223A207B0A202020202020202020202020202020202278223A203331343730393531333937323736333730313630393330313837363135373634363831383032343636323231383031323837303130373432383434353633332C0A202020202020202020202020202020202279223A203139303732363539363430343435373833303739333333363336313333303639303038303332343332363930373032323035313630393536303234333433350A2020202020202020202020207D0A20202020202020207D0A202020205D0A7D,
    'POSTED',
    CURRENT_TIMESTAMP,
    CURRENT_TIMESTAMP
);
INSERT INTO slice (id, participant_id, keystore_id, partition_id, amount, share, processing_state, creation_time, modification_time)
VALUES (
    '35650def-5d15-40d8-a707-21ecf9799d1d',
    '337dd2bd-508d-423d-84ca-81770d8ac30d', -- test-user-2
    '5adab38c-702c-4559-8a5f-b792c14b9a43', -- my-first-keystore
    '467b268d-1a7f-4f00-993c-672b82494822',
    2,
    0x0A7B0A2020202022506172746974696F6E4964223A202234363762323638642D316137662D346630302D393933632D363732623832343934383232222C0A20202020225072696D65223A203331353933343032323438303539353738383639303834363735363234333730353836333434393534383034373038333233383136373432333535323633312C0A20202020225468726573686F6C64223A20342C0A20202020225368617265506F696E7473223A205B0A20202020202020207B0A202020202020202020202020225368617265506F696E74223A207B0A202020202020202020202020202020202278223A203136313738333837313935323734343735343039333136313837373632343233343532303438313631323238343434343831373530303133353534313532362C0A202020202020202020202020202020202279223A2031343137363731383535323034333033393238373835313237303433353935383632353734333934323734303739383730393439393338383730353237390A2020202020202020202020207D0A20202020202020207D2C0A20202020202020207B0A202020202020202020202020225368617265506F696E74223A207B0A202020202020202020202020202020202278223A203331333330393234363634363937313338373036363232343038353131323932353636373331353834373632303937313833373331343331313537373239382C0A202020202020202020202020202020202279223A203232313231383336363039343835353138333931303533333834383036353638333034343932353634373233313331353231333337313830303136313631310A2020202020202020202020207D0A20202020202020207D0A202020205D0A7D,
    'POSTED',
    CURRENT_TIMESTAMP,
    CURRENT_TIMESTAMP
);
INSERT INTO slice (id, participant_id, keystore_id, partition_id, amount, share, processing_state, creation_time, modification_time)
VALUES (
    '187b30af-65f6-4bb1-8feb-68263dcdffa7',
    '48ef6c98-0e04-49bc-9f7f-01f2cec3ccac', -- test-user-3
    '5adab38c-702c-4559-8a5f-b792c14b9a43', -- my-first-keystore
    '467b268d-1a7f-4f00-993c-672b82494822',
    1,
    0x0A7B0A2020202022506172746974696F6E4964223A202234363762323638642D316137662D346630302D393933632D363732623832343934383232222C0A20202020225072696D65223A203331353933343032323438303539353738383639303834363735363234333730353836333434393534383034373038333233383136373432333535323633312C0A20202020225468726573686F6C64223A20342C0A20202020225368617265506F696E7473223A205B0A20202020202020207B0A202020202020202020202020225368617265506F696E74223A207B0A202020202020202020202020202020202278223A203232353432353836333139323434303530353839313933353838383839373537313532313938383932323235313135393232343830323031363133383832372C0A202020202020202020202020202020202279223A2034393237393530383131363935363535303033333936323933313437303935393533353633313935353139393237393135333234323233323337323730380A2020202020202020202020207D0A20202020202020207D0A202020205D0A7D,
    'POSTED',
    CURRENT_TIMESTAMP,
    CURRENT_TIMESTAMP
);
INSERT INTO slice (id, participant_id, keystore_id, partition_id, amount, share, processing_state, creation_time, modification_time)
VALUES (
    '6dc636e7-efa8-4e30-9ee3-a373e8063e30',
    '222185fb-6cbc-45e6-90d1-e5390fb2f9f9', -- test-user-4
    '5adab38c-702c-4559-8a5f-b792c14b9a43', -- my-first-keystore
    '467b268d-1a7f-4f00-993c-672b82494822',
    1,
    0x0A7B0A2020202022506172746974696F6E4964223A202234363762323638642D316137662D346630302D393933632D363732623832343934383232222C0A20202020225072696D65223A203331353933343032323438303539353738383639303834363735363234333730353836333434393534383034373038333233383136373432333535323633312C0A20202020225468726573686F6C64223A20342C0A20202020225368617265506F696E7473223A205B0A20202020202020207B0A202020202020202020202020225368617265506F696E74223A207B0A202020202020202020202020202020202278223A2037383438373639353831383538363336363030343639373534353137383637363831313034383839363734373034393731393435363932353831393235322C0A202020202020202020202020202020202279223A203236313032383130343139323132333537323136323039373438313832373739323934393037303831303737343438373631313037343637373536383036320A2020202020202020202020207D0A20202020202020207D0A202020205D0A7D,
    'POSTED',
    CURRENT_TIMESTAMP,
    CURRENT_TIMESTAMP
);
INSERT INTO slice (id, participant_id, keystore_id, partition_id, amount, share, processing_state, creation_time, modification_time)
VALUES (
    '6ef561a2-020a-492e-abb3-106a467a4908',
    'b78d63a0-e365-4934-93e4-ec1ea713cba8', -- test-user-5
    '5adab38c-702c-4559-8a5f-b792c14b9a43', -- my-first-keystore
    '467b268d-1a7f-4f00-993c-672b82494822',
    1,
    0x0A7B0A2020202022506172746974696F6E4964223A202234363762323638642D316137662D346630302D393933632D363732623832343934383232222C0A20202020225072696D65223A203331353933343032323438303539353738383639303834363735363234333730353836333434393534383034373038333233383136373432333535323633312C0A20202020225468726573686F6C64223A20342C0A20202020225368617265506F696E7473223A205B0A20202020202020207B0A202020202020202020202020225368617265506F696E74223A207B0A202020202020202020202020202020202278223A203231373537383238373535353434323139363838383338383137393334373337343332313239313133343839373239353331353031383835343537343535302C0A202020202020202020202020202020202279223A2036343533373131373633383332323938363734363131333334333139363736393037393734373535383535363931373836303131363735393732363531300A2020202020202020202020207D0A20202020202020207D0A202020205D0A7D,
    'POSTED',
    CURRENT_TIMESTAMP,
    CURRENT_TIMESTAMP
);
INSERT INTO slice (id, participant_id, keystore_id, partition_id, amount, share, processing_state, creation_time, modification_time)
VALUES (
    '7b5ab104-a05c-4103-9582-303be0dcb173',
    '54ce43ce-c335-47a2-98b8-1bd1fc4f93a4', -- test-user-6
    '5adab38c-702c-4559-8a5f-b792c14b9a43', -- my-first-keystore
    '467b268d-1a7f-4f00-993c-672b82494822',
    1,
    0x0A7B0A2020202022506172746974696F6E4964223A202234363762323638642D316137662D346630302D393933632D363732623832343934383232222C0A20202020225072696D65223A203331353933343032323438303539353738383639303834363735363234333730353836333434393534383034373038333233383136373432333535323633312C0A20202020225468726573686F6C64223A20342C0A20202020225368617265506F696E7473223A205B0A20202020202020207B0A202020202020202020202020225368617265506F696E74223A207B0A202020202020202020202020202020202278223A203136323431373631303335333330303633363337343839393531323531373136393430323630353532353738353830333130313033323436393138373238302C0A202020202020202020202020202020202279223A203138373431373934313632363734313639383334343032323735303830383136303531363236363731383530323233353933343336363035323738343532300A2020202020202020202020207D0A20202020202020207D0A202020205D0A7D,
    'POSTED',
    CURRENT_TIMESTAMP,
    CURRENT_TIMESTAMP
);

--
-- setup slices for keystore[id='3e6b2af3-63e2-4dcb-bb71-c69f1293b072', descriptive_name='the-too-few-slices-keystore']
--
INSERT INTO slice (id, participant_id, keystore_id, partition_id, amount, share, processing_state, creation_time, modification_time)
VALUES (
    'ce9a98d9-3237-4949-9de3-327fc2f21d26',
    '8844dd34-c836-4060-ba73-c6d86ad1275d', -- christof
    '3e6b2af3-63e2-4dcb-bb71-c69f1293b072', -- the-too-few-slices-keystore
    '467b268d-1a7f-4f00-993c-672b82494822',
    4,
    null,
    'FETCHED',
    CURRENT_TIMESTAMP,
    CURRENT_TIMESTAMP
);
INSERT INTO slice (id, participant_id, keystore_id, partition_id, amount, share, processing_state, creation_time, modification_time)
VALUES (
    'c216e2c5-6bc3-4840-aa42-05564b40f0cd',
    'f6cdb2e5-ea3e-405f-ad0a-14c034497e23', -- test-user-1
    '3e6b2af3-63e2-4dcb-bb71-c69f1293b072', -- the-too-few-slices-keystore
    '467b268d-1a7f-4f00-993c-672b82494822',
    2,
    null,
    'FETCHED',
    CURRENT_TIMESTAMP,
    CURRENT_TIMESTAMP
);
INSERT INTO slice (id, participant_id, keystore_id, partition_id, amount, share, processing_state, creation_time, modification_time)
VALUES (
    'de1a09c0-2dc9-4430-bd07-a693aa9a3abb',
    '337dd2bd-508d-423d-84ca-81770d8ac30d', -- test-user-2
    '3e6b2af3-63e2-4dcb-bb71-c69f1293b072', -- the-too-few-slices-keystore
    '467b268d-1a7f-4f00-993c-672b82494822',
    2,
    null,
    'FETCHED',
    CURRENT_TIMESTAMP,
    CURRENT_TIMESTAMP
);
INSERT INTO slice (id, participant_id, keystore_id, partition_id, amount, share, processing_state, creation_time, modification_time)
VALUES (
    '56b4db85-1b70-49b8-a934-73b50a0e352a',
    '48ef6c98-0e04-49bc-9f7f-01f2cec3ccac', -- test-user-3
    '3e6b2af3-63e2-4dcb-bb71-c69f1293b072', -- the-too-few-slices-keystore
    '467b268d-1a7f-4f00-993c-672b82494822',
    1,
    null,
    'FETCHED',
    CURRENT_TIMESTAMP,
    CURRENT_TIMESTAMP
);
INSERT INTO slice (id, participant_id, keystore_id, partition_id, amount, share, processing_state, creation_time, modification_time)
VALUES (
    'f23b7254-3cf5-4e21-b7cb-d709edf01d9f',
    '222185fb-6cbc-45e6-90d1-e5390fb2f9f9', -- test-user-4
    '3e6b2af3-63e2-4dcb-bb71-c69f1293b072', -- the-too-few-slices-keystore
    '467b268d-1a7f-4f00-993c-672b82494822',
    1,
    0x0A7B0A2020202022506172746974696F6E4964223A202234363762323638642D316137662D346630302D393933632D363732623832343934383232222C0A20202020225072696D65223A203331353933343032323438303539353738383639303834363735363234333730353836333434393534383034373038333233383136373432333535323633312C0A20202020225468726573686F6C64223A20342C0A20202020225368617265506F696E7473223A205B0A20202020202020207B0A202020202020202020202020225368617265506F696E74223A207B0A202020202020202020202020202020202278223A2037383438373639353831383538363336363030343639373534353137383637363831313034383839363734373034393731393435363932353831393235322C0A202020202020202020202020202020202279223A203236313032383130343139323132333537323136323039373438313832373739323934393037303831303737343438373631313037343637373536383036320A2020202020202020202020207D0A20202020202020207D0A202020205D0A7D,
    'POSTED',
    CURRENT_TIMESTAMP,
    CURRENT_TIMESTAMP
);
INSERT INTO slice (id, participant_id, keystore_id, partition_id, amount, share, processing_state, creation_time, modification_time)
VALUES (
    'd126d03b-8802-45e5-8d0b-90644fed3775',
    'b78d63a0-e365-4934-93e4-ec1ea713cba8', -- test-user-5
    '3e6b2af3-63e2-4dcb-bb71-c69f1293b072', -- the-too-few-slices-keystore
    '467b268d-1a7f-4f00-993c-672b82494822',
    1,
    0x0A7B0A2020202022506172746974696F6E4964223A202234363762323638642D316137662D346630302D393933632D363732623832343934383232222C0A20202020225072696D65223A203331353933343032323438303539353738383639303834363735363234333730353836333434393534383034373038333233383136373432333535323633312C0A20202020225468726573686F6C64223A20342C0A20202020225368617265506F696E7473223A205B0A20202020202020207B0A202020202020202020202020225368617265506F696E74223A207B0A202020202020202020202020202020202278223A203231373537383238373535353434323139363838383338383137393334373337343332313239313133343839373239353331353031383835343537343535302C0A202020202020202020202020202020202279223A2036343533373131373633383332323938363734363131333334333139363736393037393734373535383535363931373836303131363735393732363531300A2020202020202020202020207D0A20202020202020207D0A202020205D0A7D,
    'POSTED',
    CURRENT_TIMESTAMP,
    CURRENT_TIMESTAMP
);
INSERT INTO slice (id, participant_id, keystore_id, partition_id, amount, share, processing_state, creation_time, modification_time)
VALUES (
    '282782ec-98a2-41f0-a5b9-427f6860de0d',
    '54ce43ce-c335-47a2-98b8-1bd1fc4f93a4', -- test-user-6
    '3e6b2af3-63e2-4dcb-bb71-c69f1293b072', -- the-too-few-slices-keystore
    '467b268d-1a7f-4f00-993c-672b82494822',
    1,
    0x0A7B0A2020202022506172746974696F6E4964223A202234363762323638642D316137662D346630302D393933632D363732623832343934383232222C0A20202020225072696D65223A203331353933343032323438303539353738383639303834363735363234333730353836333434393534383034373038333233383136373432333535323633312C0A20202020225468726573686F6C64223A20342C0A20202020225368617265506F696E7473223A205B0A20202020202020207B0A202020202020202020202020225368617265506F696E74223A207B0A202020202020202020202020202020202278223A203136323431373631303335333330303633363337343839393531323531373136393430323630353532353738353830333130313033323436393138373238302C0A202020202020202020202020202020202279223A203138373431373934313632363734313639383334343032323735303830383136303531363236363731383530323233353933343336363035323738343532300A2020202020202020202020207D0A20202020202020207D0A202020205D0A7D,
    'POSTED',
    CURRENT_TIMESTAMP,
    CURRENT_TIMESTAMP
);

--
-- setup slices for keystore[id='e509eaf0-3fec-4972-9e32-48e6911710f7', descriptive_name='the-idle-keystore']
--
INSERT INTO slice (id, participant_id, keystore_id, partition_id, amount, share, processing_state, creation_time, modification_time)
VALUES (
    'c9092c53-f9a3-4e35-9ff0-5555c91f1882',
    '8844dd34-c836-4060-ba73-c6d86ad1275d', -- christof
    'e509eaf0-3fec-4972-9e32-48e6911710f7', -- the-idle-keystore
    '171e7454-a441-467c-994f-9f879f6008d2',
    4,
    0x0a7b0a2020202022506172746974696f6e4964223a202231373165373435342d613434312d343637632d393934662d396638373966363030386432222c0a20202020225072696d65223a203332353431333331373833363332303730323434333435343734383434333735363734323337393131333032393430393433393736383736313636353937372c0a20202020225468726573686f6c64223a20342c0a20202020225368617265506f696e7473223a205b0a20202020202020207b0a202020202020202020202020225368617265506f696e74223a207b0a202020202020202020202020202020202278223a2031333339323835363332383931393432323233343831383538303836323038333930333430383435303530323433303335363530393732383532343539352c0a202020202020202020202020202020202279223a203331383439323231333830323037343832373032393234383737353634363036343636353539353138373939373434303731323436333230343536353938330a2020202020202020202020207d0a20202020202020207d2c0a20202020202020207b0a202020202020202020202020225368617265506f696e74223a207b0a202020202020202020202020202020202278223a203139393237313436343636373438393235383333333830303630363633343633333936333334313038373332303839343839373030313832313734323738362c0a202020202020202020202020202020202279223a203233303233333039303837383132353336323934333733383139393932323635363636373934383033313138343433393432383737303832323836373133390a2020202020202020202020207d0a20202020202020207d2c0a20202020202020207b0a202020202020202020202020225368617265506f696e74223a207b0a202020202020202020202020202020202278223a203132373332373736373937303838333638363932343138363438333132313838363130393137343135373830383839313136363430323331393430303434342c0a202020202020202020202020202020202279223a2038313933303733323535323938303635383630353336303738363932303831343934303133313131343039333731393432373038323137393934393434310a2020202020202020202020207d0a20202020202020207d2c0a20202020202020207b0a202020202020202020202020225368617265506f696e74223a207b0a202020202020202020202020202020202278223a2031383630393237323239393137353435393932323432383132373137343731333836373639303233313335303336363832343535323833303435363235372c0a202020202020202020202020202020202279223a203136363439333637323536303132313037383133333938303535303331363033303037343830333631303630363538323838323833343936313334333434360a2020202020202020202020207d0a20202020202020207d0a202020205d0a7d,
    'POSTED',
    CURRENT_TIMESTAMP,
    CURRENT_TIMESTAMP
);
INSERT INTO slice (id, participant_id, keystore_id, partition_id, amount, share, processing_state, creation_time, modification_time)
VALUES (
    '475bfa68-9e30-46c7-9787-1e4645bba762',
    'f6cdb2e5-ea3e-405f-ad0a-14c034497e23', -- test-user-1
    'e509eaf0-3fec-4972-9e32-48e6911710f7', -- the-idle-keystore
    '171e7454-a441-467c-994f-9f879f6008d2',
    2,
    0x0a7b0a2020202022506172746974696f6e4964223a202231373165373435342d613434312d343637632d393934662d396638373966363030386432222c0a20202020225072696d65223a203332353431333331373833363332303730323434333435343734383434333735363734323337393131333032393430393433393736383736313636353937372c0a20202020225468726573686f6c64223a20342c0a20202020225368617265506f696e7473223a205b0a20202020202020207b0a202020202020202020202020225368617265506f696e74223a207b0a202020202020202020202020202020202278223a203234353839393638303330303732343031353231353839353434303936363036383037333630313039383630383632363639353732353730363436313337382c0a202020202020202020202020202020202279223a203330343233333436383633373436333539373831333833373334383630333338303438353433353338323139313536323836323938393034363330383233370a2020202020202020202020207d0a20202020202020207d2c0a20202020202020207b0a202020202020202020202020225368617265506f696e74223a207b0a202020202020202020202020202020202278223a203238383838323135323631363333333539373635373138353239313034333537323730343235393432313235323336343135303333363038303538333135312c0a202020202020202020202020202020202279223a203132373636333539303832333738353534393530393533393739303131353734333035343731383830383537303935393231333133343939363238363934330a2020202020202020202020207d0a20202020202020207d0a202020205d0a7d,
    'POSTED',
    CURRENT_TIMESTAMP,
    CURRENT_TIMESTAMP
);
INSERT INTO slice (id, participant_id, keystore_id, partition_id, amount, share, processing_state, creation_time, modification_time)
VALUES (
    '5bde04da-f62e-40bc-8829-532ada99e529',
    '337dd2bd-508d-423d-84ca-81770d8ac30d', -- test-user-2
    'e509eaf0-3fec-4972-9e32-48e6911710f7', -- the-idle-keystore
    '171e7454-a441-467c-994f-9f879f6008d2',
    2,
    0x0a7b0a2020202022506172746974696f6e4964223a202231373165373435342d613434312d343637632d393934662d396638373966363030386432222c0a20202020225072696d65223a203332353431333331373833363332303730323434333435343734383434333735363734323337393131333032393430393433393736383736313636353937372c0a20202020225468726573686f6c64223a20342c0a20202020225368617265506f696e7473223a205b0a20202020202020207b0a202020202020202020202020225368617265506f696e74223a207b0a202020202020202020202020202020202278223a2039363938353131373439303732383939313732313331383534373432383038323935373231323631343832323931343437383734383836373235393332312c0a202020202020202020202020202020202279223a203233333139303632383137323131373636363539303232373437353731303338383336363834383032333835393536343237303537343937343439303931320a2020202020202020202020207d0a20202020202020207d2c0a20202020202020207b0a202020202020202020202020225368617265506f696e74223a207b0a202020202020202020202020202020202278223a203135353535343438313936353133323937333937303638343131333136343936303930313433303139383938383636343034383837313231303938393833342c0a202020202020202020202020202020202279223a2037353635333931313036313337323134323037363030383631333334343739393233313838393337393137303939353438363230363237363833313736320a2020202020202020202020207d0a20202020202020207d0a202020205d0a7d,
    'POSTED',
    CURRENT_TIMESTAMP,
    CURRENT_TIMESTAMP
);
INSERT INTO slice (id, participant_id, keystore_id, partition_id, amount, share, processing_state, creation_time, modification_time)
VALUES (
    'e9b2cc92-1e44-4e23-8b2c-2d03995526e2',
    '48ef6c98-0e04-49bc-9f7f-01f2cec3ccac', -- test-user-3
    'e509eaf0-3fec-4972-9e32-48e6911710f7', -- the-idle-keystore
    '171e7454-a441-467c-994f-9f879f6008d2',
    1,
    0x0a7b0a2020202022506172746974696f6e4964223a202231373165373435342d613434312d343637632d393934662d396638373966363030386432222c0a20202020225072696d65223a203332353431333331373833363332303730323434333435343734383434333735363734323337393131333032393430393433393736383736313636353937372c0a20202020225468726573686f6c64223a20342c0a20202020225368617265506f696e7473223a205b0a20202020202020207b0a202020202020202020202020225368617265506f696e74223a207b0a202020202020202020202020202020202278223a203238303335323337383637363031333639383839383231383132343839353336353433363532303737323231363134303231313531393834343935303934342c0a202020202020202020202020202020202279223a2036343937313838343132373134323938383733313935353230373237303835343131383030333032343339373337323239333530303839353038353834330a2020202020202020202020207d0a20202020202020207d0a202020205d0a7d,
    'POSTED',
    CURRENT_TIMESTAMP,
    CURRENT_TIMESTAMP
);
INSERT INTO slice (id, participant_id, keystore_id, partition_id, amount, share, processing_state, creation_time, modification_time)
VALUES (
    '288b61db-d529-4762-96ec-4e94e25f1af6',
    '222185fb-6cbc-45e6-90d1-e5390fb2f9f9', -- test-user-4
    'e509eaf0-3fec-4972-9e32-48e6911710f7', -- the-idle-keystore
    '171e7454-a441-467c-994f-9f879f6008d2',
    1,
    0x0a7b0a2020202022506172746974696f6e4964223a202231373165373435342d613434312d343637632d393934662d396638373966363030386432222c0a20202020225072696d65223a203332353431333331373833363332303730323434333435343734383434333735363734323337393131333032393430393433393736383736313636353937372c0a20202020225468726573686f6c64223a20342c0a20202020225368617265506f696e7473223a205b0a20202020202020207b0a202020202020202020202020225368617265506f696e74223a207b0a202020202020202020202020202020202278223a203235333334333533383330303839323636343632353039333932333137353039353938333430383538393030343030373237313733323931363436393535342c0a202020202020202020202020202020202279223a203237323132383839323236363236323135313232363138393737343435393833313038373334363538313137333436323831393036323139363438363434370a2020202020202020202020207d0a20202020202020207d0a202020205d0a7d,
    'POSTED',
    CURRENT_TIMESTAMP,
    CURRENT_TIMESTAMP
);
INSERT INTO slice (id, participant_id, keystore_id, partition_id, amount, share, processing_state, creation_time, modification_time)
VALUES (
    'f242a695-d2ee-4bdd-ad82-cc354b89f809',
    'b78d63a0-e365-4934-93e4-ec1ea713cba8', -- test-user-5
    'e509eaf0-3fec-4972-9e32-48e6911710f7', -- the-idle-keystore
    '171e7454-a441-467c-994f-9f879f6008d2',
    1,
    0x0a7b0a2020202022506172746974696f6e4964223a202231373165373435342d613434312d343637632d393934662d396638373966363030386432222c0a20202020225072696d65223a203332353431333331373833363332303730323434333435343734383434333735363734323337393131333032393430393433393736383736313636353937372c0a20202020225468726573686f6c64223a20342c0a20202020225368617265506f696e7473223a205b0a20202020202020207b0a202020202020202020202020225368617265506f696e74223a207b0a202020202020202020202020202020202278223a203230313030393739383230323830383734373332303934373036303738353032333632323235303535313832303833353731363536373334353339323338302c0a202020202020202020202020202020202279223a2036373930383234313031343336373737323337353536323132393730303031383733323638343432363131373034353435353232333039373238373436310a2020202020202020202020207d0a20202020202020207d0a202020205d0a7d,
    'POSTED',
    CURRENT_TIMESTAMP,
    CURRENT_TIMESTAMP
);
INSERT INTO slice (id, participant_id, keystore_id, partition_id, amount, share, processing_state, creation_time, modification_time)
VALUES (
    '0dcb2522-558f-40e2-9d41-97d378f2a47b',
    '54ce43ce-c335-47a2-98b8-1bd1fc4f93a4', -- test-user-6
    'e509eaf0-3fec-4972-9e32-48e6911710f7', -- the-idle-keystore
    '171e7454-a441-467c-994f-9f879f6008d2',
    1,
    0x0a7b0a2020202022506172746974696f6e4964223a202231373165373435342d613434312d343637632d393934662d396638373966363030386432222c0a20202020225072696d65223a203332353431333331373833363332303730323434333435343734383434333735363734323337393131333032393430393433393736383736313636353937372c0a20202020225468726573686f6c64223a20342c0a20202020225368617265506f696e7473223a205b0a20202020202020207b0a202020202020202020202020225368617265506f696e74223a207b0a202020202020202020202020202020202278223a2031373639303732363231363535323135363632333636333437303937323638353538373035313132353835383139343032323434363033313434353633302c0a202020202020202020202020202020202279223a203138323536303134303937363830333139363332303435323538303335383030373231303536373931313936363438363931313938393638353036373933300a2020202020202020202020207d0a20202020202020207d0a202020205d0a7d,
    'POSTED',
    CURRENT_TIMESTAMP,
    CURRENT_TIMESTAMP
);

--
-- setup slices for keystore[id='28799acd-6753-451f-965a-8a0eb601eb26', descriptive_name='the-pending_docs-keystore']
--
INSERT INTO slice (id, participant_id, keystore_id, partition_id, amount, share, processing_state, creation_time, modification_time)
VALUES (
    '31fe5c5d-3936-4f87-9c9a-c1214b7a7ffa',
    '8844dd34-c836-4060-ba73-c6d86ad1275d', -- christof
    '28799acd-6753-451f-965a-8a0eb601eb26', -- the-pending_docs-keystore
    '576f2709-e0b2-4a5f-af3a-c031597960c7',
    4,
    0x0a7b0a2020202022506172746974696f6e4964223a202235373666323730392d653062322d346135662d616633612d633033313539373936306337222c0a20202020225072696d65223a203231323436363230373034393139313034313030353131363139393131323133333534373037333333323939383134323530383531383530383132323639372c0a20202020225468726573686f6c64223a20342c0a20202020225368617265506f696e7473223a205b0a20202020202020207b0a202020202020202020202020225368617265506f696e74223a207b0a202020202020202020202020202020202278223a203139333730313132393031343034383835363331373730383035383031323337303037313138393436343938353332343337343335313830373837363033382c0a202020202020202020202020202020202279223a2036303738343531313731323833343635313231323939323037303033373230383034373737383934373938303736353330303530353139363231313036310a2020202020202020202020207d0a20202020202020207d2c0a20202020202020207b0a202020202020202020202020225368617265506f696e74223a207b0a202020202020202020202020202020202278223a2039343031313336313232393130373930313132323834333738333834323038383734343530373236393438353431373333313930323132323530303935312c0a202020202020202020202020202020202279223a203132393231313738333431343834373932393337393736383432363133393734313835333439303335373033313936373032303533353738383134303235370a2020202020202020202020207d0a20202020202020207d2c0a20202020202020207b0a202020202020202020202020225368617265506f696e74223a207b0a202020202020202020202020202020202278223a203137343636333936333332393035393136343938373030333130373736323536373432383331303537353533343432343436373236313732333439363137332c0a202020202020202020202020202020202279223a203130313131373837393233323534303238333530343731303232313937393537303735363436323431323736353136323937343237303836323234353939360a2020202020202020202020207d0a20202020202020207d2c0a20202020202020207b0a202020202020202020202020225368617265506f696e74223a207b0a202020202020202020202020202020202278223a203230333030393134353336353438363932393232333035313539353439343236343334333731363932383032353433373030373832313731323839313430342c0a202020202020202020202020202020202279223a203131363836313637393135393734313330323233313138363232363139373839393031313232343930393936383730393535343931363932303430343334380a2020202020202020202020207d0a20202020202020207d0a202020205d0a7d,
    'POSTED',
    CURRENT_TIMESTAMP,
    CURRENT_TIMESTAMP
);
INSERT INTO slice (id, participant_id, keystore_id, partition_id, amount, share, processing_state, creation_time, modification_time)
VALUES (
    'bd801f24-2bbc-4ce2-8bf4-0a39347598df',
    'f6cdb2e5-ea3e-405f-ad0a-14c034497e23', -- test-user-1
    '28799acd-6753-451f-965a-8a0eb601eb26', -- the-pending_docs-keystore
    '576f2709-e0b2-4a5f-af3a-c031597960c7',
    2,
    0x0a7b0a2020202022506172746974696f6e4964223a202235373666323730392d653062322d346135662d616633612d633033313539373936306337222c0a20202020225072696d65223a203231323436363230373034393139313034313030353131363139393131323133333534373037333333323939383134323530383531383530383132323639372c0a20202020225468726573686f6c64223a20342c0a20202020225368617265506f696e7473223a205b0a20202020202020207b0a202020202020202020202020225368617265506f696e74223a207b0a202020202020202020202020202020202278223a2036383539393435313135383336393935343833353936363730363735323531393138383035373437373537333635303635323537333931383736313333302c0a202020202020202020202020202020202279223a203138373533303932323637383930313030383532303331333133323934303433373834323534393631373631393438353932393237323336343434363033390a2020202020202020202020207d0a20202020202020207d2c0a20202020202020207b0a202020202020202020202020225368617265506f696e74223a207b0a202020202020202020202020202020202278223a2037323636313235383737323037323339373538333434313231393431303134393039303737323838333139363930333437313138343836313639363535362c0a202020202020202020202020202020202279223a203139343036373034373831353438343039363432303737373331323736333334383534303832373934303535323232333432373237383834383937303531360a2020202020202020202020207d0a20202020202020207d0a202020205d0a7d,
    'POSTED',
    CURRENT_TIMESTAMP,
    CURRENT_TIMESTAMP
);
INSERT INTO slice (id, participant_id, keystore_id, partition_id, amount, share, processing_state, creation_time, modification_time)
VALUES (
    '7c590867-3c9e-4f03-87c3-7978ee68e3be',
    '337dd2bd-508d-423d-84ca-81770d8ac30d', -- test-user-2
    '28799acd-6753-451f-965a-8a0eb601eb26', -- the-pending_docs-keystore
    '576f2709-e0b2-4a5f-af3a-c031597960c7',
    2,
    0x0a7b0a2020202022506172746974696f6e4964223a202235373666323730392d653062322d346135662d616633612d633033313539373936306337222c0a20202020225072696d65223a203231323436363230373034393139313034313030353131363139393131323133333534373037333333323939383134323530383531383530383132323639372c0a20202020225468726573686f6c64223a20342c0a20202020225368617265506f696e7473223a205b0a20202020202020207b0a202020202020202020202020225368617265506f696e74223a207b0a202020202020202020202020202020202278223a2039323234353331393637343839323235303034383031393034343435363538373338353532363439373739353935383033383831303736383333363232332c0a202020202020202020202020202020202279223a203133343739343639313333333539313236353836393438343737373039383239393137363837363939393735343134353333373033343832373035313231340a2020202020202020202020207d0a20202020202020207d2c0a20202020202020207b0a202020202020202020202020225368617265506f696e74223a207b0a202020202020202020202020202020202278223a203136363936343332383635353739363730303730303933303535323731313337303435313530393637373132393932373636383936363238333132323934362c0a202020202020202020202020202020202279223a203139313630363238323239383634363932333839353031363938373731333835383935303439353030373438343036303337393335393031363131363232360a2020202020202020202020207d0a20202020202020207d0a202020205d0a7d,
    'POSTED',
    CURRENT_TIMESTAMP,
    CURRENT_TIMESTAMP
);
INSERT INTO slice (id, participant_id, keystore_id, partition_id, amount, share, processing_state, creation_time, modification_time)
VALUES (
    '3c5ecae8-0934-4088-8b01-0f8183e658be',
    '48ef6c98-0e04-49bc-9f7f-01f2cec3ccac', -- test-user-3
    '28799acd-6753-451f-965a-8a0eb601eb26', -- the-pending_docs-keystore
    '576f2709-e0b2-4a5f-af3a-c031597960c7',
    1,
    0x0a7b0a2020202022506172746974696f6e4964223a202235373666323730392d653062322d346135662d616633612d633033313539373936306337222c0a20202020225072696d65223a203231323436363230373034393139313034313030353131363139393131323133333534373037333333323939383134323530383531383530383132323639372c0a20202020225468726573686f6c64223a20342c0a20202020225368617265506f696e7473223a205b0a20202020202020207b0a202020202020202020202020225368617265506f696e74223a207b0a202020202020202020202020202020202278223a203230383137303732393236343939393630383332393737373435353937333535333438383835333132333632383034333732343430343037333238313735322c0a202020202020202020202020202020202279223a2032333530363237303035363634323231353538383936353332393039373531353832353934393535343930303330303638353137383738303831373035340a2020202020202020202020207d0a20202020202020207d0a202020205d0a7d,
    'POSTED',
    CURRENT_TIMESTAMP,
    CURRENT_TIMESTAMP
);
INSERT INTO slice (id, participant_id, keystore_id, partition_id, amount, share, processing_state, creation_time, modification_time)
VALUES (
    'd7089473-b86f-4e77-9ead-1b45f722334d',
    '222185fb-6cbc-45e6-90d1-e5390fb2f9f9', -- test-user-4
    '28799acd-6753-451f-965a-8a0eb601eb26', -- the-pending_docs-keystore
    '576f2709-e0b2-4a5f-af3a-c031597960c7',
    1,
    0x0a7b0a2020202022506172746974696f6e4964223a202235373666323730392d653062322d346135662d616633612d633033313539373936306337222c0a20202020225072696d65223a203231323436363230373034393139313034313030353131363139393131323133333534373037333333323939383134323530383531383530383132323639372c0a20202020225468726573686f6c64223a20342c0a20202020225368617265506f696e7473223a205b0a20202020202020207b0a202020202020202020202020225368617265506f696e74223a207b0a202020202020202020202020202020202278223a2031313031333333363133363232393133303735343236353737373037373830373133353933313239333835393834313835333332363631373232393435312c0a202020202020202020202020202020202279223a203134383436393730313434383834303132383638313032393532313733363332373932383232373336333231383130323939353832333938383938363930350a2020202020202020202020207d0a20202020202020207d0a202020205d0a7d,
    'POSTED',
    CURRENT_TIMESTAMP,
    CURRENT_TIMESTAMP
);
INSERT INTO slice (id, participant_id, keystore_id, partition_id, amount, share, processing_state, creation_time, modification_time)
VALUES (
    'e95eed52-0739-4d75-a8a3-604da1e338c2',
    'b78d63a0-e365-4934-93e4-ec1ea713cba8', -- test-user-5
    '28799acd-6753-451f-965a-8a0eb601eb26', -- the-pending_docs-keystore
    '576f2709-e0b2-4a5f-af3a-c031597960c7',
    1,
    0x0a7b0a2020202022506172746974696f6e4964223a202235373666323730392d653062322d346135662d616633612d633033313539373936306337222c0a20202020225072696d65223a203231323436363230373034393139313034313030353131363139393131323133333534373037333333323939383134323530383531383530383132323639372c0a20202020225468726573686f6c64223a20342c0a20202020225368617265506f696e7473223a205b0a20202020202020207b0a202020202020202020202020225368617265506f696e74223a207b0a202020202020202020202020202020202278223a203135323537343838333134363435333637373136363034363831363138333934323437333731343636313536383133343830383130343939303131363031312c0a202020202020202020202020202020202279223a203131313631383031343335383739373436303034373539303336383531333734383038343935353338373532303238303835303639383839323135303636320a2020202020202020202020207d0a20202020202020207d0a202020205d0a7d,
    'POSTED',
    CURRENT_TIMESTAMP,
    CURRENT_TIMESTAMP
);
INSERT INTO slice (id, participant_id, keystore_id, partition_id, amount, share, processing_state, creation_time, modification_time)
VALUES (
    '60407f6a-4861-472f-90cd-c054bbceee58',
    '54ce43ce-c335-47a2-98b8-1bd1fc4f93a4', -- test-user-6
    '28799acd-6753-451f-965a-8a0eb601eb26', -- the-pending_docs-keystore
    '576f2709-e0b2-4a5f-af3a-c031597960c7',
    1,
    0x0a7b0a2020202022506172746974696f6e4964223a202235373666323730392d653062322d346135662d616633612d633033313539373936306337222c0a20202020225072696d65223a203231323436363230373034393139313034313030353131363139393131323133333534373037333333323939383134323530383531383530383132323639372c0a20202020225468726573686f6c64223a20342c0a20202020225368617265506f696e7473223a205b0a20202020202020207b0a202020202020202020202020225368617265506f696e74223a207b0a202020202020202020202020202020202278223a203230343138373633343633393335313433393834383035343736343130353739323334323738373639303630353333323938393238373035313539303736352c0a202020202020202020202020202020202279223a203131353138303039303832383432323737303239383935393034323537383934313235333838333838313432353531303934343737313139373534363031350a2020202020202020202020207d0a20202020202020207d0a202020205d0a7d,
    'POSTED',
    CURRENT_TIMESTAMP,
    CURRENT_TIMESTAMP
);

--
-- setup session for keystore[id='3e6b2af3-63e2-4dcb-bb71-c69f1293b072', descriptive_name='the-too-few-slices-keystore']
--
INSERT INTO csession (id, keystore_id, phase, idle_time, creation_time, modification_time, expiration_time, version)
VALUES (
    '1232d4be-fa07-45d8-b741-65f60ce9ebf0', 
    '3e6b2af3-63e2-4dcb-bb71-c69f1293b072', -- the-too-few-slices-keystore
    'PROVISIONED',
    0,
    CURRENT_TIMESTAMP,
    CURRENT_TIMESTAMP,
    null,
    1
);

--
-- setup session for keystore[id='5adab38c-702c-4559-8a5f-b792c14b9a43', descriptive_name='my-first-keystore']
--
INSERT INTO csession (id, keystore_id, phase, idle_time, creation_time, modification_time, expiration_time, version)
VALUES (
    '8bff8ac6-fc31-40de-bd6a-eca4348171c5', 
    '5adab38c-702c-4559-8a5f-b792c14b9a43', -- my-first-keystore
    'PROVISIONED',
    0,
    CURRENT_TIMESTAMP,
    CURRENT_TIMESTAMP,
    null,
    1
);

--
-- setup session for keystore[id='e509eaf0-3fec-4972-9e32-48e6911710f7', descriptive_name='the-idle-keystore']
--
INSERT INTO csession (id, keystore_id, phase, idle_time, creation_time, modification_time, expiration_time, version)
VALUES (
    '09f6f079-cd70-4221-a44e-45862a4fb777', 
    'e509eaf0-3fec-4972-9e32-48e6911710f7', -- the-idle-keystore
    'ACTIVE',
    5,
    CURRENT_TIMESTAMP,
    CURRENT_TIMESTAMP,
    DATE_ADD(CURRENT_TIMESTAMP, INTERVAL 1 SECOND),
    1
);


--
-- setup session for keystore[id='28799acd-6753-451f-965a-8a0eb601eb26', descriptive_name='the-pending_docs-keystore']
--
INSERT INTO csession (id, keystore_id, phase, idle_time, creation_time, modification_time, expiration_time, version)
VALUES (
    '90d38be1-78f1-417f-99e4-12a082c60141', 
    '28799acd-6753-451f-965a-8a0eb601eb26', -- the-pending_docs-keystore
    'PROVISIONED',
    0,
    CURRENT_TIMESTAMP,
    CURRENT_TIMESTAMP,
    null,
    1
);

--
-- setup metadata for keystore[id='28799acd-6753-451f-965a-8a0eb601eb26', descriptive_name='the-pending_docs-keystore']
--
INSERT INTO metadata (id, session_id, title, status, intended_action, validated, media_type, key_alias, creation_time, modification_time)
VALUES (
    'b73ac5ed-81e3-4cdd-94e9-7e2925a9b388',
    '90d38be1-78f1-417f-99e4-12a082c60141',
    'pending-doc-1',
    'PENDING',
    'SIGN',
    null,
    'application/xml',
    'testers-private-ec-key',
    CURRENT_TIMESTAMP,
    CURRENT_TIMESTAMP
);
INSERT INTO metadata (id, session_id, title, status, intended_action, validated, media_type, key_alias, creation_time, modification_time)
VALUES (
    '374d0eb2-06e7-497e-9eec-7934c6ba7a58',
    '90d38be1-78f1-417f-99e4-12a082c60141',
    'pending-doc-2',
    'PENDING',
    'SIGN',
    null,
    'application/xml',
    'testers-private-ec-key',
    CURRENT_TIMESTAMP,
    CURRENT_TIMESTAMP
);
INSERT INTO metadata (id, session_id, title, status, intended_action, validated, media_type, key_alias, creation_time, modification_time)
VALUES (
    '74e00512-d3bf-4a6d-b4c8-f2ec3415fd93',
    '90d38be1-78f1-417f-99e4-12a082c60141',
    'faulty-pending-doc-1',
    'PENDING',
    'SIGN',
    null,
    'application/xml',
    'testers-private-ec-key',
    CURRENT_TIMESTAMP,
    CURRENT_TIMESTAMP
);
INSERT INTO metadata (id, session_id, title, status, intended_action, validated, media_type, key_alias, creation_time, modification_time)
VALUES (
    '04d364de-775a-4d4f-b4b0-7bf7d6cde2ee',
    '90d38be1-78f1-417f-99e4-12a082c60141',
    'faulty-pending-doc-2',
    'PENDING',
    'SIGN',
    null,
    'application/xml',
    'test-aes-key',
    CURRENT_TIMESTAMP,
    CURRENT_TIMESTAMP
);

--
-- setup documents for keystore[id='28799acd-6753-451f-965a-8a0eb601eb26', descriptive_name='the-pending_docs-keystore']
--
INSERT INTO document (metadata_id, content, doc_type, creation_time, modification_time)
VALUES (
    'b73ac5ed-81e3-4cdd-94e9-7e2925a9b388',
    0x3c3f786d6c2076657273696f6e3d22312e302220656e636f64696e673d225554462d38223f3e0a3c7061796d656e743e0a202020203c74696d657374616d703e3c2f74696d657374616d703e0a202020203c616d6f756e742063757272656e63793d22455552223e0a20202020202020203130302e3030302e3030302c30300a202020203c2f616d6f756e743e0a202020203c646562746f723e0a2020202020202020446f6e616c64205472756d700a202020203c2f646562746f723e0a202020203c6372656469746f723e0a202020202020202044657574736368652042616e6b0a202020203c2f6372656469746f723e0a3c2f7061796d656e743e0a,
    'xml',
    CURRENT_TIMESTAMP,
    CURRENT_TIMESTAMP
);
INSERT INTO document (metadata_id, content, doc_type, creation_time, modification_time)
VALUES (
    '374d0eb2-06e7-497e-9eec-7934c6ba7a58',
    0x3c3f786d6c2076657273696f6e3d22312e302220656e636f64696e673d225554462d38223f3e0a3c7061796d656e743e0a202020203c74696d657374616d703e3c2f74696d657374616d703e0a202020203c616d6f756e742063757272656e63793d22455552223e0a20202020202020203130302e3030302e3030302c30300a202020203c2f616d6f756e743e0a202020203c646562746f723e0a2020202020202020446f6e616c64205472756d700a202020203c2f646562746f723e0a202020203c6372656469746f723e0a202020202020202044657574736368652042616e6b0a202020203c2f6372656469746f723e0a3c2f7061796d656e743e0a,
    'xml',
    CURRENT_TIMESTAMP,
    CURRENT_TIMESTAMP
);
INSERT INTO document (metadata_id, content, doc_type, creation_time, modification_time)
VALUES (
    '74e00512-d3bf-4a6d-b4c8-f2ec3415fd93',
    0x3c3f786d6c2076657273696f6e3d22312e302220656e636f64696e673d225554462d38223f3e0a3c7061796d656e743e0a202020203c74696d657374616d703e3c2f74696d657374616d703e0a202020203c616d6f756e742063757272656e63793d22455552223e0a20202020202020203130302e3030302e3030302c30300a202020203c2f616d6f756e743e0a202020203c646562746f723e0a2020202020202020446f6e616c64205472756d700a202020203c2f646562746f723e0a202020203c6372656469746f723e0a202020202020202044657574736368652042616e6b0a3c2f7061796d656e743e0a,
    'xml',
    CURRENT_TIMESTAMP,
    CURRENT_TIMESTAMP
);
INSERT INTO document (metadata_id, content, doc_type, creation_time, modification_time)
VALUES (
    '04d364de-775a-4d4f-b4b0-7bf7d6cde2ee',
    0x3c3f786d6c2076657273696f6e3d22312e302220656e636f64696e673d225554462d38223f3e0a3c7061796d656e743e0a202020203c74696d657374616d703e3c2f74696d657374616d703e0a202020203c616d6f756e742063757272656e63793d22455552223e0a20202020202020203130302e3030302e3030302c30300a202020203c2f616d6f756e743e0a202020203c646562746f723e0a2020202020202020446f6e616c64205472756d700a202020203c2f646562746f723e0a202020203c6372656469746f723e0a202020202020202044657574736368652042616e6b0a202020203c2f6372656469746f723e0a3c2f7061796d656e743e0a,
    'xml',
    CURRENT_TIMESTAMP,
    CURRENT_TIMESTAMP
);
